Network,Show,Critic Score,Audience Score,tv_link
Apple TV+,Loot,80%,65%,https://www.rottentomatoes.com/tv/loot
Apple TV+,For All Mankind,91%,83%,https://www.rottentomatoes.com/tv/for_all_mankind
Apple TV+,Severance,97%,93%,https://www.rottentomatoes.com/tv/severance
Apple TV+,Shining Girls,83%,88%,https://www.rottentomatoes.com/tv/shining_girls
Apple TV+,Tehran,94%,91%,https://www.rottentomatoes.com/tv/tehran
Apple TV+,Slow Horses,95%,88%,https://www.rottentomatoes.com/tv/slow_horses
Apple TV+,Physical,82%,79%,https://www.rottentomatoes.com/tv/physical
Apple TV+,Ted Lasso,95%,78%,https://www.rottentomatoes.com/tv/ted_lasso
Apple TV+,The Essex Serpent,76%,77%,https://www.rottentomatoes.com/tv/the_essex_serpent
Apple TV+,Foundation,71%,58%,https://www.rottentomatoes.com/tv/foundation
Apple TV+,WeCrashed,65%,78%,https://www.rottentomatoes.com/tv/wecrashed
Apple TV+,Servant,88%,76%,https://www.rottentomatoes.com/tv/servant
Apple TV+,See,63%,87%,https://www.rottentomatoes.com/tv/see
Apple TV+,Now & Then,--,57%,https://www.rottentomatoes.com/tv/now_and_then
Apple TV+,Pachinko,98%,94%,https://www.rottentomatoes.com/tv/pachinko
Apple TV+,The Morning Show,64%,79%,https://www.rottentomatoes.com/tv/the_morning_show
Apple TV+,Prehistoric Planet,100%,94%,https://www.rottentomatoes.com/tv/prehistoric_planet
Apple TV+,The Afterparty,90%,79%,https://www.rottentomatoes.com/tv/the_afterparty
Apple TV+,Mythic Quest,97%,86%,https://www.rottentomatoes.com/tv/mythic_quest
Apple TV+,The Shrink Next Door,58%,73%,https://www.rottentomatoes.com/tv/the_shrink_next_door
Apple TV+,Defending Jacob,72%,89%,https://www.rottentomatoes.com/tv/defending_jacob
Apple TV+,Suspicion,48%,31%,https://www.rottentomatoes.com/tv/suspicion
Apple TV+,Invasion,46%,45%,https://www.rottentomatoes.com/tv/invasion_2021
Apple TV+,Trying,93%,95%,https://www.rottentomatoes.com/tv/trying
Apple TV+,Acapulco,100%,90%,https://www.rottentomatoes.com/tv/acapulco
Apple TV+,Dickinson,92%,91%,https://www.rottentomatoes.com/tv/dickinson
Apple TV+,Calls,95%,85%,https://www.rottentomatoes.com/tv/calls
Apple TV+,Home Before Dark,81%,83%,https://www.rottentomatoes.com/tv/home_before_dark
Apple TV+,Truth Be Told,31%,64%,https://www.rottentomatoes.com/tv/truth_be_told_2019
Apple TV+,Mr. Corman,70%,67%,https://www.rottentomatoes.com/tv/mr_corman
Apple TV+,The Mosquito Coast,63%,60%,https://www.rottentomatoes.com/tv/the_mosquito_coast
Apple TV+,The Last Days of Ptolemy Grey,88%,97%,https://www.rottentomatoes.com/tv/the_last_days_of_ptolemy_grey
Apple TV+,Schmigadoon!,88%,82%,https://www.rottentomatoes.com/tv/schmigadoon
Apple TV+,Dr. Brain,79%,76%,https://www.rottentomatoes.com/tv/dr_brain
Apple TV+,The Big Conn,67%,100%,https://www.rottentomatoes.com/tv/the_big_conn
Apple TV+,Losing Alice,77%,76%,https://www.rottentomatoes.com/tv/losing_alice
Apple TV+,Lisey's Story,53%,49%,https://www.rottentomatoes.com/tv/liseys_story
Apple TV+,Roar,70%,38%,https://www.rottentomatoes.com/tv/roar_2022
Apple TV+,Swagger,84%,93%,https://www.rottentomatoes.com/tv/swagger
Apple TV+,1971: The Year That Music Changed Everything,100%,60%,https://www.rottentomatoes.com/tv/1971_the_year_that_music_changed_everything
Apple TV+,Central Park,97%,76%,https://www.rottentomatoes.com/tv/central_park
Apple TV+,Little America,95%,79%,https://www.rottentomatoes.com/tv/little_america
Apple TV+,Little Voice,77%,81%,https://www.rottentomatoes.com/tv/little_voice
Apple TV+,Home,--,82%,https://www.rottentomatoes.com/tv/home_2020
Apple TV+,The Problem With Jon Stewart,71%,61%,https://www.rottentomatoes.com/tv/the_problem_with_jon_stewart
Apple TV+,Long Way Up,100%,84%,https://www.rottentomatoes.com/tv/long_way_up
Apple TV+,Amazing Stories,40%,52%,https://www.rottentomatoes.com/tv/amazing_stories
Apple TV+,They Call Me Magic,69%,80%,https://www.rottentomatoes.com/tv/they_call_me_magic
Apple TV+,"Hello, Jack! The Kindness Show",--,--,https://www.rottentomatoes.com/tv/hello_jack_the_kindness_show
Apple TV+,Ghostwriter,100%,75%,https://www.rottentomatoes.com/tv/ghostwriter_2019
Apple TV+,Lovely Little Farm,--,--,https://www.rottentomatoes.com/tv/lovely_little_farm
Apple TV+,Visible: Out on Television,100%,100%,https://www.rottentomatoes.com/tv/visible_out_on_television
Apple TV+,The Line,--,75%,https://www.rottentomatoes.com/tv/the_line
Apple TV+,The Me You Can't See,86%,68%,https://www.rottentomatoes.com/tv/the_me_you_cant_see
Apple TV+,Dear...,100%,82%,https://www.rottentomatoes.com/tv/dear
Apple TV+,Lincoln's Dilemma,93%,--,https://www.rottentomatoes.com/tv/lincolns_dilemma
Apple TV+,The Snoopy Show,100%,90%,https://www.rottentomatoes.com/tv/the_snoopy_show
Apple TV+,Tiny World,--,100%,https://www.rottentomatoes.com/tv/tiny_world
Apple TV+,The Long Game: Bigger Than Basketball,--,--,https://www.rottentomatoes.com/tv/the_long_game_bigger_than_basketball
Apple TV+,Fraggle Rock: Back to the Rock,100%,77%,https://www.rottentomatoes.com/tv/fraggle_rock_back_to_the_rock
Apple TV+,Make or Break,--,--,https://www.rottentomatoes.com/tv/make_or_break
Apple TV+,Watch the Sound With Mark Ronson,100%,83%,https://www.rottentomatoes.com/tv/watch_the_sound_with_mark_ronson
Apple TV+,Stillwater,--,--,https://www.rottentomatoes.com/tv/stillwater
Apple TV+,Earth at Night in Color,--,88%,https://www.rottentomatoes.com/tv/earth_at_night_in_color
Apple TV+,Long Way Down,--,86%,https://www.rottentomatoes.com/tv/long_way_down
Apple TV+,Snoopy in Space: The Search for Life,100%,81%,https://www.rottentomatoes.com/tv/snoopy_in_space
Apple TV+,Becoming You,--,86%,https://www.rottentomatoes.com/tv/becoming_you
Apple TV+,El Deafo,--,--,https://www.rottentomatoes.com/tv/el_deafo
Apple TV+,Harriet the Spy,--,--,https://www.rottentomatoes.com/tv/harriet_the_spy
Apple TV+,Wolfboy and the Everything Factory,--,86%,https://www.rottentomatoes.com/tv/wolfboy_and_the_everything_factory
Apple TV+,Greatness Code,--,67%,https://www.rottentomatoes.com/tv/greatness_code
Apple TV+,Helpsters,--,--,https://www.rottentomatoes.com/tv/helpsters
Apple TV+,Carpool Karaoke : la s√©rie,--,--,https://www.rottentomatoes.com/tv/carpool_karaoke_la_serie
Apple TV+,The Peanuts Classics,--,--,https://www.rottentomatoes.com/tv/the_peanuts_classics
Apple TV+,Pinecone & Pony,--,--,https://www.rottentomatoes.com/tv/pinecone_and_pony
Apple TV+,Helpsters Help You,--,--,https://www.rottentomatoes.com/tv/helpsters_help_you
Apple TV+,Pretzel and the Puppies,--,--,https://www.rottentomatoes.com/tv/pretzel_and_the_puppies
Apple TV+,Fraggle Rock: Rock On!,--,--,https://www.rottentomatoes.com/tv/fraggle_rock_rock_on
Apple TV+,Get Rolling With Otis,--,--,https://www.rottentomatoes.com/tv/get_rolling_with_otis
Apple TV+,Oprah's Book Club,--,--,https://www.rottentomatoes.com/tv/oprahs_book_club
Apple TV+,Doug Unplugs,--,--,https://www.rottentomatoes.com/tv/doug_unplugs
Apple TV+,Fraggle Rock,--,--,https://www.rottentomatoes.com/tv/fraggle_rock
Apple TV+,Puppy Place,--,--,https://www.rottentomatoes.com/tv/puppy_place
Apple TV+,Oprah Talks COVID-19,--,--,https://www.rottentomatoes.com/tv/oprah_talks_covid_19
Apple TV+,The Oprah Conversation,--,--,https://www.rottentomatoes.com/tv/the_oprah_conversation
Paramount+,The Offer,54%,97%,https://www.rottentomatoes.com/tv/the_offer
Paramount+,Evil,95%,83%,https://www.rottentomatoes.com/tv/evil
Paramount+,Star Trek: Strange New Worlds,99%,79%,https://www.rottentomatoes.com/tv/star_trek_strange_new_worlds
Paramount+,Halo,70%,53%,https://www.rottentomatoes.com/tv/halo
Paramount+,Yellowjackets,100%,78%,https://www.rottentomatoes.com/tv/yellowjackets
Paramount+,1883,88%,80%,https://www.rottentomatoes.com/tv/1883
Paramount+,Avatar: The Last Airbender,100%,98%,https://www.rottentomatoes.com/tv/avatar_the_last_airbender
Paramount+,The Man Who Fell to Earth,86%,79%,https://www.rottentomatoes.com/tv/the_man_who_fell_to_earth
Paramount+,Mayor of Kingstown,32%,87%,https://www.rottentomatoes.com/tv/mayor_of_kingstown
Paramount+,Star Trek: Discovery,86%,36%,https://www.rottentomatoes.com/tv/star_trek_discovery
Paramount+,Star Trek: Picard,86%,40%,https://www.rottentomatoes.com/tv/star_trek_picard
Paramount+,Joe Pickett,--,76%,https://www.rottentomatoes.com/tv/joe_pickett
Paramount+,Players,92%,83%,https://www.rottentomatoes.com/tv/players
Paramount+,The First Lady,42%,56%,https://www.rottentomatoes.com/tv/the_first_lady
Paramount+,The Stand,56%,24%,https://www.rottentomatoes.com/tv/the_stand_2020
Paramount+,For Heaven's Sake,100%,100%,https://www.rottentomatoes.com/tv/for_heavens_sake
Paramount+,Twin Peaks,82%,89%,https://www.rottentomatoes.com/tv/twin_peaks
Paramount+,Why Women Kill,76%,91%,https://www.rottentomatoes.com/tv/why_women_kill
Paramount+,The Legend of Korra,89%,78%,https://www.rottentomatoes.com/tv/the-legend-of-korra
Paramount+,Teen Wolf,81%,84%,https://www.rottentomatoes.com/tv/teen_wolf
Paramount+,The Twilight Zone,67%,46%,https://www.rottentomatoes.com/tv/the_twilight_zone_2019
Paramount+,Beavis and Butt-head,--,--,https://www.rottentomatoes.com/tv/beavis_and_butt_head_1993
Paramount+,SpongeBob SquarePants,--,74%,https://www.rottentomatoes.com/tv/spongebob_squarepants
Paramount+,iCarly,100%,77%,https://www.rottentomatoes.com/tv/icarly_2021
Paramount+,Ghosts,91%,78%,https://www.rottentomatoes.com/tv/ghosts_2021
Paramount+,Young Sheldon,--,81%,https://www.rottentomatoes.com/tv/young_sheldon
Paramount+,Criminal Minds,--,85%,https://www.rottentomatoes.com/tv/criminal_minds
Paramount+,The Good Wife,93%,91%,https://www.rottentomatoes.com/tv/the_good_wife
Paramount+,The Good Fight,95%,69%,https://www.rottentomatoes.com/tv/the_good_fight
Paramount+,Star Trek: The Next Generation,91%,89%,https://www.rottentomatoes.com/tv/star_trek_the_next_generation
Paramount+,Blue Bloods,--,88%,https://www.rottentomatoes.com/tv/blue_bloods
Paramount+,Younger,98%,75%,https://www.rottentomatoes.com/tv/younger
Paramount+,Freaks and Geeks,100%,96%,https://www.rottentomatoes.com/tv/freaks_and_geeks
Paramount+,Star Trek: Prodigy,93%,73%,https://www.rottentomatoes.com/tv/star_trek_prodigy
Paramount+,The Equalizer,--,47%,https://www.rottentomatoes.com/tv/the_equalizer_2020
Paramount+,Star Trek: Lower Decks,83%,65%,https://www.rottentomatoes.com/tv/star_trek_lower_decks
Paramount+,SEAL Team,--,84%,https://www.rottentomatoes.com/tv/seal_team
Paramount+,Frasier,95%,94%,https://www.rottentomatoes.com/tv/frasier
Paramount+,Texas 6,--,--,https://www.rottentomatoes.com/tv/texas_6
Paramount+,Nathan for You,97%,95%,https://www.rottentomatoes.com/tv/nathan-for-you
Paramount+,Scorpion,61%,77%,https://www.rottentomatoes.com/tv/scorpion
Paramount+,Under the Dome,68%,46%,https://www.rottentomatoes.com/tv/under-the-dome
Paramount+,Star Trek: Deep Space Nine,91%,88%,https://www.rottentomatoes.com/tv/star-trek-deep-space-nine
Paramount+,Everybody Hates Chris,95%,98%,https://www.rottentomatoes.com/tv/everybody_hates_chris
Paramount+,Interrogation,57%,87%,https://www.rottentomatoes.com/tv/interrogation
Paramount+,Coyote,58%,82%,https://www.rottentomatoes.com/tv/coyote
Paramount+,The Daily Show With Trevor Noah,--,25%,https://www.rottentomatoes.com/tv/the_daily_show_with_trevor_noah
Paramount+,Star Trek: Enterprise,55%,78%,https://www.rottentomatoes.com/tv/star-trek-enterprise
Paramount+,Star Trek,80%,89%,https://www.rottentomatoes.com/tv/star-trek
Paramount+,Love Island,--,--,https://www.rottentomatoes.com/tv/love_island
Paramount+,NCIS,--,83%,https://www.rottentomatoes.com/tv/ncis
Paramount+,Madam Secretary,--,79%,https://www.rottentomatoes.com/tv/madam_secretary
Paramount+,Cheers,87%,93%,https://www.rottentomatoes.com/tv/cheers
Paramount+,The Late Show With Stephen Colbert,--,45%,https://www.rottentomatoes.com/tv/late_show_with_stephen_colbert
Paramount+,Tell Me a Story,--,70%,https://www.rottentomatoes.com/tv/tell_me_a_story
Paramount+,The Twilight Zone,82%,94%,https://www.rottentomatoes.com/tv/the_twilight_zone
Paramount+,The Late Late Show With James Corden,--,--,https://www.rottentomatoes.com/tv/the_late_late_show_with_james_corden
Paramount+,Waco,70%,75%,https://www.rottentomatoes.com/tv/waco
Paramount+,Star Trek: Voyager,76%,76%,https://www.rottentomatoes.com/tv/star-trek-voyager
Paramount+,The Backyardigans,--,--,https://www.rottentomatoes.com/tv/the_backyardigans
Paramount+,Key & Peele,97%,92%,https://www.rottentomatoes.com/tv/key-and-peele
Paramount+,Workaholics,86%,82%,https://www.rottentomatoes.com/tv/workaholics
Paramount+,Victorious,--,76%,https://www.rottentomatoes.com/tv/victorious
Paramount+,Limitless,58%,85%,https://www.rottentomatoes.com/tv/limitless
Paramount+,RuPaul's Drag Race,84%,77%,https://www.rottentomatoes.com/tv/rupauls_drag_race
Paramount+,RENO 911!,86%,82%,https://www.rottentomatoes.com/tv/reno-911-
Paramount+,The Game,--,78%,https://www.rottentomatoes.com/tv/the_game_2021
Paramount+,FBI,--,62%,https://www.rottentomatoes.com/tv/fbi
Paramount+,The Loud House,--,84%,https://www.rottentomatoes.com/tv/the_loud_house
Paramount+,S.W.A.T.,--,68%,https://www.rottentomatoes.com/tv/s_w_a_t
Paramount+,The Real World Homecoming,--,--,https://www.rottentomatoes.com/tv/the_real_world_homecoming
Paramount+,Bull,--,57%,https://www.rottentomatoes.com/tv/bull
Paramount+,MacGyver,--,74%,https://www.rottentomatoes.com/tv/macgyver_2016
Paramount+,Invader Zim,100%,93%,https://www.rottentomatoes.com/tv/invader_zim
Paramount+,Hawaii Five-0,--,70%,https://www.rottentomatoes.com/tv/hawaii_five_0
Paramount+,PAW Patrol,--,--,https://www.rottentomatoes.com/tv/paw_patrol
Paramount+,Jericho,54%,87%,https://www.rottentomatoes.com/tv/jericho
Paramount+,Review,95%,90%,https://www.rottentomatoes.com/tv/review
Paramount+,FBI: Most Wanted,--,41%,https://www.rottentomatoes.com/tv/fbi_most_wanted
Paramount+,Teenage Mutant Ninja Turtles,--,74%,https://www.rottentomatoes.com/tv/teenage_mutant_ninja_turtles_2012
Paramount+,The Penguins of Madagascar,--,78%,https://www.rottentomatoes.com/tv/the_penguins_of_madagascar
Paramount+,The Talk,--,--,https://www.rottentomatoes.com/tv/the_talk
Paramount+,iCarly,--,73%,https://www.rottentomatoes.com/tv/icarly
Paramount+,Salvation,45%,82%,https://www.rottentomatoes.com/tv/salvation
Paramount+,Jersey Shore,42%,65%,https://www.rottentomatoes.com/tv/jersey-shore
Paramount+,United States of Al,31%,62%,https://www.rottentomatoes.com/tv/united_states_of_al
Paramount+,Good Sam,63%,51%,https://www.rottentomatoes.com/tv/good_sam
Paramount+,NCIS: Los Angeles,--,67%,https://www.rottentomatoes.com/tv/ncis_los_angeles
Paramount+,Chappelle's Show,96%,100%,https://www.rottentomatoes.com/tv/chappelle_s_show
Paramount+,Guilty Party,40%,53%,https://www.rottentomatoes.com/tv/guilty_party
Paramount+,Zoey 101,--,--,https://www.rottentomatoes.com/tv/zoey_101
Paramount+,No Activity,--,81%,https://www.rottentomatoes.com/tv/no_activity
Paramount+,CSI: Crime Scene Investigation,--,81%,https://www.rottentomatoes.com/tv/csi_crime_scene_investigation
Paramount+,Detroiters,94%,87%,https://www.rottentomatoes.com/tv/detroiters
Paramount+,"Nicky, Ricky, Dicky & Dawn",--,--,https://www.rottentomatoes.com/tv/nicky_ricky_dicky_and_dawn
Paramount+,Inside Amy Schumer,86%,51%,https://www.rottentomatoes.com/tv/inside_amy_schumer
Paramount+,Jackass,--,--,https://www.rottentomatoes.com/tv/jackass
Paramount+,RuPaul's Drag Race: All Stars,70%,67%,https://www.rottentomatoes.com/tv/rupauls_drag_race_all_stars
Paramount+,NCIS: Hawai'i,60%,66%,https://www.rottentomatoes.com/tv/ncis_hawaii
Paramount+,Kung Fu Panda: Legends of Awesomeness,--,--,https://www.rottentomatoes.com/tv/kung_fu_panda_legends_of_awesomeness
HBO MAX,Westworld,81%,74%,https://www.rottentomatoes.com/tv/westworld
HBO MAX,Irma Vep,100%,60%,https://www.rottentomatoes.com/tv/irma_vep
HBO MAX,Barry,99%,89%,https://www.rottentomatoes.com/tv/barry
HBO MAX,The Time Traveler's Wife,38%,84%,https://www.rottentomatoes.com/tv/the_time_travelers_wife
HBO MAX,We Own This City,92%,75%,https://www.rottentomatoes.com/tv/we_own_this_city
HBO MAX,Game of Thrones,89%,85%,https://www.rottentomatoes.com/tv/game_of_thrones
HBO MAX,Hacks,100%,86%,https://www.rottentomatoes.com/tv/hacks
HBO MAX,The Staircase,93%,77%,https://www.rottentomatoes.com/tv/the_staircase_2022
HBO MAX,The Flight Attendant,91%,62%,https://www.rottentomatoes.com/tv/the_flight_attendant
HBO MAX,Euphoria,88%,85%,https://www.rottentomatoes.com/tv/euphoria
HBO MAX,Mind Over Murder,100%,--,https://www.rottentomatoes.com/tv/mind_over_murder
HBO MAX,Succession,94%,85%,https://www.rottentomatoes.com/tv/succession
HBO MAX,The Sopranos,92%,97%,https://www.rottentomatoes.com/tv/the_sopranos
HBO MAX,Gordita Chronicles,--,100%,https://www.rottentomatoes.com/tv/gordita_chronicles
HBO MAX,The Wire,94%,97%,https://www.rottentomatoes.com/tv/the-wire
HBO MAX,Station Eleven,98%,73%,https://www.rottentomatoes.com/tv/station_eleven
HBO MAX,Our Flag Means Death,92%,94%,https://www.rottentomatoes.com/tv/our_flag_means_death
HBO MAX,Tokyo Vice,86%,90%,https://www.rottentomatoes.com/tv/tokyo_vice
HBO MAX,Peacemaker,94%,89%,https://www.rottentomatoes.com/tv/peacemaker_2022
HBO MAX,True Detective,78%,74%,https://www.rottentomatoes.com/tv/true_detective
HBO MAX,Doom Patrol,97%,75%,https://www.rottentomatoes.com/tv/doom_patrol
HBO MAX,Banshee,90%,90%,https://www.rottentomatoes.com/tv/banshee
HBO MAX,Superman & Lois,86%,82%,https://www.rottentomatoes.com/tv/superman_and_lois
HBO MAX,The Leftovers,91%,90%,https://www.rottentomatoes.com/tv/the-leftovers
HBO MAX,Friends,79%,94%,https://www.rottentomatoes.com/tv/friends
HBO MAX,Titans,86%,67%,https://www.rottentomatoes.com/tv/titans
HBO MAX,Rick and Morty,94%,87%,https://www.rottentomatoes.com/tv/rick_and_morty
HBO MAX,Made for Love,94%,86%,https://www.rottentomatoes.com/tv/made_for_love
HBO MAX,Raised by Wolves,80%,80%,https://www.rottentomatoes.com/tv/raised_by_wolves_2020
HBO MAX,The Tourist,97%,65%,https://www.rottentomatoes.com/tv/the_tourist
HBO MAX,The White Lotus,89%,77%,https://www.rottentomatoes.com/tv/the_white_lotus
HBO MAX,The Big Bang Theory,81%,82%,https://www.rottentomatoes.com/tv/the_big_bang_theory
HBO MAX,Mare of Easttown,95%,94%,https://www.rottentomatoes.com/tv/mare_of_easttown
HBO MAX,Harley Quinn,94%,88%,https://www.rottentomatoes.com/tv/harley_quinn
HBO MAX,The Baby,82%,56%,https://www.rottentomatoes.com/tv/the_baby
HBO MAX,Watchmen,96%,56%,https://www.rottentomatoes.com/tv/watchmen
HBO MAX,Big Little Lies,89%,89%,https://www.rottentomatoes.com/tv/big_little_lies
HBO MAX,Winning Time: The Rise of the Lakers Dynasty,84%,85%,https://www.rottentomatoes.com/tv/winning_time_the_rise_of_the_lakers_dynasty
HBO MAX,Band of Brothers,97%,98%,https://www.rottentomatoes.com/tv/band_of_brothers
HBO MAX,Gentleman Jack,92%,93%,https://www.rottentomatoes.com/tv/gentleman_jack
HBO MAX,Minx,97%,74%,https://www.rottentomatoes.com/tv/minx
HBO MAX,Doctor Who,90%,67%,https://www.rottentomatoes.com/tv/doctor_who
HBO MAX,Boardwalk Empire,92%,95%,https://www.rottentomatoes.com/tv/boardwalk-empire
HBO MAX,Sharp Objects,92%,83%,https://www.rottentomatoes.com/tv/sharp_objects
HBO MAX,Fringe,90%,77%,https://www.rottentomatoes.com/tv/fringe
HBO MAX,Snowpiercer,75%,68%,https://www.rottentomatoes.com/tv/snowpiercer
HBO MAX,Veep,93%,90%,https://www.rottentomatoes.com/tv/veep
HBO MAX,Adventure Time,100%,93%,https://www.rottentomatoes.com/tv/adventure_time
HBO MAX,Amsterdam,--,100%,https://www.rottentomatoes.com/tv/amsterdam
HBO MAX,Somebody Somewhere,100%,91%,https://www.rottentomatoes.com/tv/somebody_somewhere
HBO MAX,The Gilded Age,79%,70%,https://www.rottentomatoes.com/tv/the_gilded_age
HBO MAX,Chernobyl,95%,97%,https://www.rottentomatoes.com/tv/chernobyl
HBO MAX,Sex and the City,70%,82%,https://www.rottentomatoes.com/tv/sex_and_the_city
HBO MAX,Tuca & Bertie,99%,77%,https://www.rottentomatoes.com/tv/tuca_and_bertie
HBO MAX,Starstruck,96%,77%,https://www.rottentomatoes.com/tv/starstruck
HBO MAX,Naomi,90%,60%,https://www.rottentomatoes.com/tv/naomi
HBO MAX,The Sex Lives of College Girls,97%,76%,https://www.rottentomatoes.com/tv/the_sex_lives_of_college_girls
HBO MAX,The Outsider,91%,83%,https://www.rottentomatoes.com/tv/the_outsider
HBO MAX,The Boondocks,54%,80%,https://www.rottentomatoes.com/tv/boondocks
HBO MAX,Curb Your Enthusiasm,92%,92%,https://www.rottentomatoes.com/tv/curb_your_enthusiasm
HBO MAX,Wellington Paranormal,98%,85%,https://www.rottentomatoes.com/tv/wellington_paranormal
HBO MAX,His Dark Materials,81%,84%,https://www.rottentomatoes.com/tv/his_dark_materials
HBO MAX,Person of Interest,92%,76%,https://www.rottentomatoes.com/tv/person_of_interest
HBO MAX,True Blood,69%,72%,https://www.rottentomatoes.com/tv/true_blood
HBO MAX,The Undoing,75%,66%,https://www.rottentomatoes.com/tv/the_undoing
HBO MAX,The Righteous Gemstones,81%,84%,https://www.rottentomatoes.com/tv/the_righteous_gemstones
HBO MAX,Rome,86%,97%,https://www.rottentomatoes.com/tv/rome
HBO MAX,Pretty Little Liars,81%,81%,https://www.rottentomatoes.com/tv/pretty_little_liars
HBO MAX,Batwoman,83%,23%,https://www.rottentomatoes.com/tv/batwoman
HBO MAX,Walker,33%,70%,https://www.rottentomatoes.com/tv/walker
HBO MAX,Deadwood,92%,96%,https://www.rottentomatoes.com/tv/deadwood
HBO MAX,Silicon Valley,94%,93%,https://www.rottentomatoes.com/tv/silicon_valley
HBO MAX,Search Party,96%,73%,https://www.rottentomatoes.com/tv/search_party
HBO MAX,The O.C.,67%,71%,https://www.rottentomatoes.com/tv/the-o-c-
HBO MAX,Six Feet Under,81%,96%,https://www.rottentomatoes.com/tv/six-feet-under
HBO MAX,The Night Of,94%,93%,https://www.rottentomatoes.com/tv/the_night_of
HBO MAX,South Park,80%,87%,https://www.rottentomatoes.com/tv/south_park
HBO MAX,My Brilliant Friend,97%,90%,https://www.rottentomatoes.com/tv/my_brilliant_friend
HBO MAX,Lovecraft Country,88%,64%,https://www.rottentomatoes.com/tv/lovecraft_country
HBO MAX,Young Sheldon,--,81%,https://www.rottentomatoes.com/tv/young_sheldon
HBO MAX,Love Life,80%,78%,https://www.rottentomatoes.com/tv/love_life_2020
HBO MAX,Young Justice,95%,77%,https://www.rottentomatoes.com/tv/young_justice
HBO MAX,Landscapers,98%,76%,https://www.rottentomatoes.com/tv/landscapers
HBO MAX,Steven Universe,100%,85%,https://www.rottentomatoes.com/tv/steven_universe
HBO MAX,Gossip Girl,84%,78%,https://www.rottentomatoes.com/tv/gossip-girl
HBO MAX,The Mentalist,--,88%,https://www.rottentomatoes.com/tv/the-mentalist
HBO MAX,Girls,89%,75%,https://www.rottentomatoes.com/tv/girls
HBO MAX,The Nevers,48%,83%,https://www.rottentomatoes.com/tv/the_nevers
HBO MAX,Close Enough,--,90%,https://www.rottentomatoes.com/tv/close_enough
HBO MAX,30 Coins,91%,77%,https://www.rottentomatoes.com/tv/30_coins
HBO MAX,And Just Like That...,48%,30%,https://www.rottentomatoes.com/tv/and_just_like_that
HBO MAX,The Alienist,77%,80%,https://www.rottentomatoes.com/tv/the_alienist
HBO MAX,George Carlin's American Dream,100%,96%,https://www.rottentomatoes.com/tv/george_carlins_american_dream
HBO MAX,Entourage,65%,83%,https://www.rottentomatoes.com/tv/entourage
HBO MAX,Warrior,89%,95%,https://www.rottentomatoes.com/tv/warrior_2019
HBO MAX,Rich & Shameless,--,--,https://www.rottentomatoes.com/tv/rich_and_shameless
HBO MAX,The Newsroom,--,91%,https://www.rottentomatoes.com/tv/the-newsroom
HBO MAX,Regular Show,--,93%,https://www.rottentomatoes.com/tv/regular-show
HBO MAX,Chuck,90%,91%,https://www.rottentomatoes.com/tv/chuck
HBO MAX,Scenes From a Marriage,83%,74%,https://www.rottentomatoes.com/tv/scenes_from_a_marriage
Disney+,Obi-Wan Kenobi,83%,63%,https://www.rottentomatoes.com/tv/obi_wan_kenobi
Disney+,Ms. Marvel,98%,82%,https://www.rottentomatoes.com/tv/ms_marvel
Disney+,Moon Knight,86%,91%,https://www.rottentomatoes.com/tv/moon_knight
Disney+,The Mandalorian,93%,91%,https://www.rottentomatoes.com/tv/the_mandalorian
Disney+,The Book of Boba Fett,66%,57%,https://www.rottentomatoes.com/tv/the_book_of_boba_fett
Disney+,Loki,92%,91%,https://www.rottentomatoes.com/tv/loki
Disney+,WandaVision,91%,88%,https://www.rottentomatoes.com/tv/wandavision
Disney+,Hawkeye,92%,91%,https://www.rottentomatoes.com/tv/hawkeye
Disney+,Star Wars: The Clone Wars,93%,92%,https://www.rottentomatoes.com/tv/star-wars-the-clone-wars
Disney+,What If...?,94%,94%,https://www.rottentomatoes.com/tv/what_if_
Disney+,The Falcon and the Winter Soldier,83%,84%,https://www.rottentomatoes.com/tv/the_falcon_and_the_winter_soldier
Disney+,Star Wars Rebels,98%,83%,https://www.rottentomatoes.com/tv/star_wars_rebels
Disney+,"Love, Victor",93%,82%,https://www.rottentomatoes.com/tv/love_victor
Disney+,Marvel's Daredevil,92%,89%,https://www.rottentomatoes.com/tv/daredevil
Disney+,Star Wars: The Bad Batch,85%,82%,https://www.rottentomatoes.com/tv/star_wars_the_bad_batch
Disney+,Gravity Falls,100%,96%,https://www.rottentomatoes.com/tv/gravity_falls
Disney+,The Owl House,100%,93%,https://www.rottentomatoes.com/tv/the_owl_house
Disney+,Marvel's Agents of S.H.I.E.L.D.,95%,91%,https://www.rottentomatoes.com/tv/marvels_agents_of_shield
Disney+,Marvel's The Punisher,64%,77%,https://www.rottentomatoes.com/tv/marvel_s_the_punisher
Disney+,Baymax!,100%,58%,https://www.rottentomatoes.com/tv/baymax
Disney+,The Simpsons,85%,75%,https://www.rottentomatoes.com/tv/the_simpsons
Disney+,Marvel - Jessica Jones,83%,80%,https://www.rottentomatoes.com/tv/jessica_jones
Disney+,Star Wars: Visions,96%,67%,https://www.rottentomatoes.com/tv/star_wars_visions
Disney+,Marvel's Iron Fist,37%,68%,https://www.rottentomatoes.com/tv/marvel_s_iron_fist
Disney+,Once Upon a Time,78%,78%,https://www.rottentomatoes.com/tv/once_upon_a_time
Disney+,Marvel's Runaways,85%,68%,https://www.rottentomatoes.com/tv/marvel_s_runaways
Disney+,Star Wars Resistance,92%,58%,https://www.rottentomatoes.com/tv/star_wars_resistance
Disney+,Amphibia,--,86%,https://www.rottentomatoes.com/tv/amphibia
Disney+,Marvel's Agent Carter,86%,77%,https://www.rottentomatoes.com/tv/marvel_s_agent_carter
Disney+,Alias,86%,91%,https://www.rottentomatoes.com/tv/alias
Disney+,The Beatles: Get Back,93%,93%,https://www.rottentomatoes.com/tv/the_beatles_get_back
Disney+,Marvel's Luke Cage,87%,70%,https://www.rottentomatoes.com/tv/luke_cage
Disney+,Glee,70%,71%,https://www.rottentomatoes.com/tv/glee
Disney+,Miraculous: Tales of Ladybug and Cat Noir,--,83%,https://www.rottentomatoes.com/tv/miraculous_tales_of_ladybug_and_cat_noir
Disney+,Monsters at Work,65%,81%,https://www.rottentomatoes.com/tv/monsters_at_work
Disney+,The Villains of Valley View,--,--,https://www.rottentomatoes.com/tv/the_villains_of_valley_view
Disney+,High School Musical: The Musical: The Series,75%,81%,https://www.rottentomatoes.com/tv/high_school_musical_the_musical
Disney+,black-ish,92%,56%,https://www.rottentomatoes.com/tv/black_ish
Disney+,Guardians of the Galaxy,--,85%,https://www.rottentomatoes.com/tv/marvel_s_guardians_of_the_galaxy
Disney+,The Wonder Years,96%,52%,https://www.rottentomatoes.com/tv/the_wonder_years_2021
Disney+,The Mysterious Benedict Society,86%,84%,https://www.rottentomatoes.com/tv/the_mysterious_benedict_society
Disney+,Bluey,--,--,https://www.rottentomatoes.com/tv/bluey
Disney+,Lilo & Stitch,--,79%,https://www.rottentomatoes.com/tv/lilo_stitch
Disney+,Phineas and Ferb,--,92%,https://www.rottentomatoes.com/tv/phineas_and_ferb
Disney+,Disney Gallery: Star Wars: The Mandalorian,100%,95%,https://www.rottentomatoes.com/tv/disney_gallery_star_wars_the_mandalorian
Disney+,Just Beyond,88%,64%,https://www.rottentomatoes.com/tv/just_beyond
Disney+,grown-ish,--,46%,https://www.rottentomatoes.com/tv/grown_ish
Disney+,Diary of a Future President,100%,85%,https://www.rottentomatoes.com/tv/diary_of_a_future_president
Disney+,The Proud Family: Louder and Prouder,100%,68%,https://www.rottentomatoes.com/tv/the_proud_family_louder_and_prouder
Disney+,Wizards of Waverly Place,--,92%,https://www.rottentomatoes.com/tv/wizards_of_waverly_place
Disney+,Ice Age: Scrat Tales,--,91%,https://www.rottentomatoes.com/tv/ice_age_scrat_tales
Disney+,Parallels,--,80%,https://www.rottentomatoes.com/tv/paralleles
Disney+,X-Men,85%,96%,https://www.rottentomatoes.com/tv/x_men
Disney+,Star vs. the Forces of Evil,--,76%,https://www.rottentomatoes.com/tv/star_vs_the_forces_of_evil
Disney+,Big Hero 6 The Series,--,81%,https://www.rottentomatoes.com/tv/big_hero_6_the_series
Disney+,The Little Mermaid,--,68%,https://www.rottentomatoes.com/tv/the_little_mermaid
Disney+,The Avengers: Earth's Mightiest Heroes!,100%,98%,https://www.rottentomatoes.com/tv/avengers_earths_mightiest_heroes
Disney+,Big Shot,78%,80%,https://www.rottentomatoes.com/tv/big_shot
Disney+,Marvel's Spider-Man,--,81%,https://www.rottentomatoes.com/tv/marvel_s_spider_man
Disney+,The World According to Jeff Goldblum,82%,81%,https://www.rottentomatoes.com/tv/the_world_according_to_jeff_goldblum
Disney+,Marvel Studios: Assembled,--,87%,https://www.rottentomatoes.com/tv/marvel_studios_assembled
Disney+,The Suite Life of Zack & Cody,--,88%,https://www.rottentomatoes.com/tv/the_suite_life_of_zack_cody
Disney+,Hannah Montana,--,78%,https://www.rottentomatoes.com/tv/hannah_montana
Disney+,Marvel's Hero Project,92%,84%,https://www.rottentomatoes.com/tv/marvels_hero_project
Disney+,Secrets of Sulphur Springs,--,93%,https://www.rottentomatoes.com/tv/secrets_of_sulphur_springs
Disney+,Turner & Hooch,57%,92%,https://www.rottentomatoes.com/tv/turner_and_hooch
Disney+,Ultimate Spider-Man,--,77%,https://www.rottentomatoes.com/tv/ultimate_spider_man
Disney+,Dinosaurs,91%,69%,https://www.rottentomatoes.com/tv/dinosaurs
Disney+,K.C. Undercover,--,100%,https://www.rottentomatoes.com/tv/k_c_undercover
Disney+,Raven's Home,--,--,https://www.rottentomatoes.com/tv/raven_s_home
Disney+,Ultra Violet & Black Scorpion,--,80%,https://www.rottentomatoes.com/tv/ultra_violet_and_black_scorpion
Disney+,The Right Stuff,55%,72%,https://www.rottentomatoes.com/tv/the_right_stuff
Disney+,The Mighty Ducks: Game Changers,87%,77%,https://www.rottentomatoes.com/tv/the_mighty_ducks_game_changers
Disney+,Welcome to Earth,100%,87%,https://www.rottentomatoes.com/tv/welcome_to_earth
Disney+,Jessie,--,67%,https://www.rottentomatoes.com/tv/jessie
Disney+,Boy Meets World,--,88%,https://www.rottentomatoes.com/tv/boy_meets_world
Disney+,Marvel Studios: Legends,--,75%,https://www.rottentomatoes.com/tv/marvel_studios_legends
Disney+,Big City Greens,--,--,https://www.rottentomatoes.com/tv/big_city_greens
Disney+,The Quest,--,--,https://www.rottentomatoes.com/tv/the_quest_2022
Disney+,8 Simple Rules,58%,--,https://www.rottentomatoes.com/tv/8_simple_rules
Disney+,Lizzie McGuire,90%,80%,https://www.rottentomatoes.com/tv/lizzie_mcguire
Disney+,The Imagineering Story,100%,97%,https://www.rottentomatoes.com/tv/the_imagineering_story
Disney+,Iron Man: Armored Adventures,60%,58%,https://www.rottentomatoes.com/tv/iron_man_armored_adventures
Disney+,DuckTales,--,85%,https://www.rottentomatoes.com/tv/ducktales
Disney+,Marvel's Avengers Assemble,--,--,https://www.rottentomatoes.com/tv/avengers_assemble
Disney+,Marvel's Spidey and His Amazing Friends,--,83%,https://www.rottentomatoes.com/tv/marvels_spidey_and_his_amazing_friends
Disney+,"Doogie Kamealoha, M.D.",92%,69%,https://www.rottentomatoes.com/tv/doogie_kamealoha_md
Disney+,Wolverine and the X-Men,67%,89%,https://www.rottentomatoes.com/tv/wolverine_and_the_x_men
Disney+,Mickey Mouse Clubhouse,--,--,https://www.rottentomatoes.com/tv/mickey_mouse_clubhouse
Disney+,Secrets of the Zoo: Down Under,--,--,https://www.rottentomatoes.com/tv/secrets_of_the_zoo_down_under
Disney+,The Muppet Show,100%,100%,https://www.rottentomatoes.com/tv/the_muppet_show
Disney+,Earth to Ned,83%,80%,https://www.rottentomatoes.com/tv/earth_to_ned
Disney+,Spider-Man,--,90%,https://www.rottentomatoes.com/tv/spider_man_1994
Disney+,The Ghost and Molly McGee,--,--,https://www.rottentomatoes.com/tv/the_ghost_and_molly_mcgee
Disney+,Marvel's 616,100%,69%,https://www.rottentomatoes.com/tv/marvels_616
Disney+,Milo Murphy's Law,--,100%,https://www.rottentomatoes.com/tv/milo_murphy_s_law
Disney+,Once Upon a Time in Wonderland,63%,66%,https://www.rottentomatoes.com/tv/once-upon-a-time-in-wonderland
Disney+,Lawless Island,--,--,https://www.rottentomatoes.com/tv/lawless_island
Disney+,Fantastic Four,--,0%,https://www.rottentomatoes.com/tv/fantastic_four_1994
Disney+,Liv and Maddie,--,--,https://www.rottentomatoes.com/tv/liv_and_maddie_cali_style
Prime Video,The Boys,93%,85%,https://www.rottentomatoes.com/tv/the_boys_2019
Prime Video,The Old Man,94%,86%,https://www.rottentomatoes.com/tv/the_old_man
Prime Video,Westworld,81%,74%,https://www.rottentomatoes.com/tv/westworld
Prime Video,Dark Winds,100%,87%,https://www.rottentomatoes.com/tv/dark_winds
Prime Video,The Summer I Turned Pretty,90%,87%,https://www.rottentomatoes.com/tv/the_summer_i_turned_pretty
Prime Video,Better Call Saul,98%,96%,https://www.rottentomatoes.com/tv/better_call_saul
Prime Video,Chloe,94%,78%,https://www.rottentomatoes.com/tv/chloe
Prime Video,Barry,99%,89%,https://www.rottentomatoes.com/tv/barry
Prime Video,Breaking Bad,96%,97%,https://www.rottentomatoes.com/tv/breaking_bad
Prime Video,The Time Traveler's Wife,38%,84%,https://www.rottentomatoes.com/tv/the_time_travelers_wife
Prime Video,Outer Range,81%,65%,https://www.rottentomatoes.com/tv/outer_range
Prime Video,We Own This City,92%,75%,https://www.rottentomatoes.com/tv/we_own_this_city
Prime Video,Yellowstone,83%,83%,https://www.rottentomatoes.com/tv/yellowstone
Prime Video,Game of Thrones,89%,85%,https://www.rottentomatoes.com/tv/game_of_thrones
Prime Video,Night Sky,73%,81%,https://www.rottentomatoes.com/tv/night_sky
Prime Video,Evil,95%,83%,https://www.rottentomatoes.com/tv/evil
Prime Video,The Orville,76%,86%,https://www.rottentomatoes.com/tv/orville
Prime Video,The Handmaid's Tale,83%,77%,https://www.rottentomatoes.com/tv/the_handmaids_tale
Prime Video,The Chosen,100%,99%,https://www.rottentomatoes.com/tv/the_chosen
Prime Video,The Last Kingdom,91%,94%,https://www.rottentomatoes.com/tv/the_last_kingdom
Prime Video,Fleabag,100%,93%,https://www.rottentomatoes.com/tv/fleabag
Prime Video,Yellowjackets,100%,78%,https://www.rottentomatoes.com/tv/yellowjackets
Prime Video,Rise,59%,76%,https://www.rottentomatoes.com/tv/rise
Prime Video,Star Wars: The Clone Wars,93%,92%,https://www.rottentomatoes.com/tv/star-wars-the-clone-wars
Prime Video,Euphoria,88%,85%,https://www.rottentomatoes.com/tv/euphoria
Prime Video,This Is Going to Hurt,95%,97%,https://www.rottentomatoes.com/tv/this_is_going_to_hurt
Prime Video,The Walking Dead,80%,78%,https://www.rottentomatoes.com/tv/the_walking_dead
Prime Video,The Mist,60%,47%,https://www.rottentomatoes.com/tv/the_mist
Prime Video,The Expanse,94%,92%,https://www.rottentomatoes.com/tv/the_expanse
Prime Video,Succession,94%,85%,https://www.rottentomatoes.com/tv/succession
Prime Video,The Flash,89%,64%,https://www.rottentomatoes.com/tv/the_flash
Prime Video,The Sopranos,92%,97%,https://www.rottentomatoes.com/tv/the_sopranos
Prime Video,P-Valley,94%,80%,https://www.rottentomatoes.com/tv/p_valley
Prime Video,Gaslit,90%,71%,https://www.rottentomatoes.com/tv/gaslit
Prime Video,The Wire,94%,97%,https://www.rottentomatoes.com/tv/the-wire
Prime Video,Mr. Robot,94%,93%,https://www.rottentomatoes.com/tv/mr_robot
Prime Video,Hotel Portofino,--,--,https://www.rottentomatoes.com/tv/hotel_portofino
Prime Video,Naked and Afraid: Uncensored,--,--,https://www.rottentomatoes.com/tv/naked_and_afraid_uncensored
Prime Video,Reacher,90%,90%,https://www.rottentomatoes.com/tv/reacher
Prime Video,Animal Kingdom,--,87%,https://www.rottentomatoes.com/tv/animal_kingdom
Prime Video,The Boys Presents: Diabolical,97%,74%,https://www.rottentomatoes.com/tv/the_boys_presents_diabolical
Prime Video,The Wilds,87%,83%,https://www.rottentomatoes.com/tv/the_wilds
Prime Video,Avatar: The Last Airbender,100%,98%,https://www.rottentomatoes.com/tv/avatar_the_last_airbender
Prime Video,What We Do in the Shadows,97%,93%,https://www.rottentomatoes.com/tv/what_we_do_in_the_shadows
Prime Video,Shameless,82%,81%,https://www.rottentomatoes.com/tv/shameless
Prime Video,The Office,81%,89%,https://www.rottentomatoes.com/tv/the_office
Prime Video,Supernatural,93%,75%,https://www.rottentomatoes.com/tv/supernatural
Prime Video,Star Wars Rebels,98%,83%,https://www.rottentomatoes.com/tv/star_wars_rebels
Prime Video,Invincible,98%,91%,https://www.rottentomatoes.com/tv/invincible
Prime Video,The Man Who Fell to Earth,86%,79%,https://www.rottentomatoes.com/tv/the_man_who_fell_to_earth
Prime Video,Vikings,93%,87%,https://www.rottentomatoes.com/tv/vikings_2013
Prime Video,True Detective,78%,74%,https://www.rottentomatoes.com/tv/true_detective
Prime Video,Doom Patrol,97%,75%,https://www.rottentomatoes.com/tv/doom_patrol
Prime Video,Banshee,90%,90%,https://www.rottentomatoes.com/tv/banshee
Prime Video,Suits,90%,87%,https://www.rottentomatoes.com/tv/suits
Prime Video,You,91%,76%,https://www.rottentomatoes.com/tv/you
Prime Video,Bosch,97%,93%,https://www.rottentomatoes.com/tv/bosch
Prime Video,The Lake,--,62%,https://www.rottentomatoes.com/tv/the_lake
Prime Video,Better Things,98%,85%,https://www.rottentomatoes.com/tv/better_things
Prime Video,Outlander,89%,86%,https://www.rottentomatoes.com/tv/outlander
Prime Video,The Wheel of Time,82%,62%,https://www.rottentomatoes.com/tv/the_wheel_of_time
Prime Video,This Is Us,94%,78%,https://www.rottentomatoes.com/tv/this_is_us
Prime Video,Lucifer,88%,73%,https://www.rottentomatoes.com/tv/lucifer
Prime Video,Superman & Lois,86%,82%,https://www.rottentomatoes.com/tv/superman_and_lois
Prime Video,Counterpart,100%,90%,https://www.rottentomatoes.com/tv/counterpart
Prime Video,Undone,97%,92%,https://www.rottentomatoes.com/tv/undone
Prime Video,The 100,93%,66%,https://www.rottentomatoes.com/tv/the_100
Prime Video,Marvel's Daredevil,92%,89%,https://www.rottentomatoes.com/tv/daredevil
Prime Video,The Leftovers,91%,90%,https://www.rottentomatoes.com/tv/the-leftovers
Prime Video,Atlanta,97%,82%,https://www.rottentomatoes.com/tv/atlanta
Prime Video,Black Mirror,84%,83%,https://www.rottentomatoes.com/tv/black_mirror
Prime Video,The Blacklist,91%,80%,https://www.rottentomatoes.com/tv/the_blacklist
Prime Video,Fargo,93%,84%,https://www.rottentomatoes.com/tv/fargo
Prime Video,Attack on Titan,96%,95%,https://www.rottentomatoes.com/tv/attack_on_titan
Prime Video,American Horror Story,77%,70%,https://www.rottentomatoes.com/tv/american_horror_story
Prime Video,Riverdale,80%,51%,https://www.rottentomatoes.com/tv/riverdale
Prime Video,All American,96%,67%,https://www.rottentomatoes.com/tv/all_american
Prime Video,Killing Eve,89%,73%,https://www.rottentomatoes.com/tv/killing_eve
Prime Video,Friends,79%,94%,https://www.rottentomatoes.com/tv/friends
Prime Video,The Vampire Diaries,86%,70%,https://www.rottentomatoes.com/tv/the_vampire_diaries
Prime Video,The Sinner,89%,73%,https://www.rottentomatoes.com/tv/the_sinner
Prime Video,Cobra Kai,93%,92%,https://www.rottentomatoes.com/tv/cobra_kai
Prime Video,Catastrophe,98%,91%,https://www.rottentomatoes.com/tv/catastrophe
Prime Video,Star Trek: Discovery,86%,36%,https://www.rottentomatoes.com/tv/star_trek_discovery
Prime Video,Jurassic World: Camp Cretaceous,92%,83%,https://www.rottentomatoes.com/tv/jurassic_world_camp_cretaceous
Prime Video,Taboo,76%,92%,https://www.rottentomatoes.com/tv/taboo
Prime Video,Lost,85%,91%,https://www.rottentomatoes.com/tv/lost
Prime Video,The Haunting of Hill House,93%,91%,https://www.rottentomatoes.com/tv/the_haunting_of_hill_house
Prime Video,The Man in the High Castle,84%,81%,https://www.rottentomatoes.com/tv/the_man_in_the_high_castle
Prime Video,Titans,86%,67%,https://www.rottentomatoes.com/tv/titans
Prime Video,Breeders,91%,82%,https://www.rottentomatoes.com/tv/breeders
Prime Video,Rick and Morty,94%,87%,https://www.rottentomatoes.com/tv/rick_and_morty
Prime Video,Altered Carbon,75%,64%,https://www.rottentomatoes.com/tv/altered_carbon
Prime Video,Gravity Falls,100%,96%,https://www.rottentomatoes.com/tv/gravity_falls
Prime Video,Manifest,--,70%,https://www.rottentomatoes.com/tv/manifest
Prime Video,The Ipcress File,94%,64%,https://www.rottentomatoes.com/tv/the_ipcress_file
Prime Video,A Very English Scandal,97%,80%,https://www.rottentomatoes.com/tv/a_very_english_scandal
Prime Video,Star Trek: Picard,86%,40%,https://www.rottentomatoes.com/tv/star_trek_picard
Prime Video,Mad Men,94%,96%,https://www.rottentomatoes.com/tv/mad-men
Prime Video,13 Reasons Why,35%,57%,https://www.rottentomatoes.com/tv/13_reasons_why
Hulu,Only Murders in the Building,100%,94%,https://www.rottentomatoes.com/tv/only_murders_in_the_building
Hulu,The Orville,76%,86%,https://www.rottentomatoes.com/tv/orville
Hulu,The Handmaid's Tale,83%,77%,https://www.rottentomatoes.com/tv/the_handmaids_tale
Hulu,Naked and Afraid: Uncensored,--,--,https://www.rottentomatoes.com/tv/naked_and_afraid_uncensored
Hulu,What We Do in the Shadows,97%,93%,https://www.rottentomatoes.com/tv/what_we_do_in_the_shadows
Hulu,Vikings,93%,87%,https://www.rottentomatoes.com/tv/vikings_2013
Hulu,"Love, Victor",93%,82%,https://www.rottentomatoes.com/tv/love_victor
Hulu,Better Things,98%,85%,https://www.rottentomatoes.com/tv/better_things
Hulu,This Is Us,94%,78%,https://www.rottentomatoes.com/tv/this_is_us
Hulu,Atlanta,97%,82%,https://www.rottentomatoes.com/tv/atlanta
Hulu,Fargo,93%,84%,https://www.rottentomatoes.com/tv/fargo
Hulu,Attack on Titan,96%,95%,https://www.rottentomatoes.com/tv/attack_on_titan
Hulu,American Horror Story,77%,70%,https://www.rottentomatoes.com/tv/american_horror_story
Hulu,Killing Eve,89%,73%,https://www.rottentomatoes.com/tv/killing_eve
Hulu,Taboo,76%,92%,https://www.rottentomatoes.com/tv/taboo
Hulu,Lost,85%,91%,https://www.rottentomatoes.com/tv/lost
Hulu,Breeders,91%,82%,https://www.rottentomatoes.com/tv/breeders
Hulu,Rick and Morty,94%,87%,https://www.rottentomatoes.com/tv/rick_and_morty
Hulu,Normal People,91%,93%,https://www.rottentomatoes.com/tv/normal_people
Hulu,Gravity Falls,100%,96%,https://www.rottentomatoes.com/tv/gravity_falls
Hulu,Brooklyn Nine-Nine,95%,87%,https://www.rottentomatoes.com/tv/brooklyn_nine_nine
Hulu,Reservation Dogs,98%,89%,https://www.rottentomatoes.com/tv/reservation_dogs
Hulu,Motherland: Fort Salem,--,95%,https://www.rottentomatoes.com/tv/motherland_fort_salem
Hulu,Legion,91%,86%,https://www.rottentomatoes.com/tv/legion
Hulu,Justified,97%,95%,https://www.rottentomatoes.com/tv/justified
Hulu,Prison Break,61%,78%,https://www.rottentomatoes.com/tv/prison_break
Hulu,Community,88%,88%,https://www.rottentomatoes.com/tv/community
Hulu,Modern Family,85%,89%,https://www.rottentomatoes.com/tv/modern_family
Hulu,The Split,76%,96%,https://www.rottentomatoes.com/tv/the_split
Hulu,Line of Duty,96%,94%,https://www.rottentomatoes.com/tv/line_of_duty
Hulu,Mr Inbetween,95%,98%,https://www.rottentomatoes.com/tv/mr_inbetween
Hulu,Mr. Bean,100%,92%,https://www.rottentomatoes.com/tv/mr_bean
Hulu,Preacher,87%,75%,https://www.rottentomatoes.com/tv/preacher
Hulu,Hannibal,92%,94%,https://www.rottentomatoes.com/tv/hannibal
Hulu,How I Met Your Mother,84%,84%,https://www.rottentomatoes.com/tv/how_i_met_your_mother
Hulu,It's Always Sunny in Philadelphia,94%,91%,https://www.rottentomatoes.com/tv/its_always_sunny_in_philadelphia
Hulu,Arrested Development,74%,85%,https://www.rottentomatoes.com/tv/arrested_development
Hulu,Sons of Anarchy,87%,91%,https://www.rottentomatoes.com/tv/sons_of_anarchy
Hulu,Nine Perfect Strangers,61%,59%,https://www.rottentomatoes.com/tv/nine_perfect_strangers
Hulu,Black Sails,81%,83%,https://www.rottentomatoes.com/tv/black_sails
Hulu,The UnXplained,--,--,https://www.rottentomatoes.com/tv/the_unxplained
Hulu,Snowfall,90%,89%,https://www.rottentomatoes.com/tv/snowfall
Hulu,Superstore,93%,79%,https://www.rottentomatoes.com/tv/superstore
Hulu,Mayans M.C.,86%,72%,https://www.rottentomatoes.com/tv/mayans_m_c_
Hulu,The Great,94%,86%,https://www.rottentomatoes.com/tv/the_great
Hulu,The Act,88%,91%,https://www.rottentomatoes.com/tv/the_act
Hulu,Chance,75%,89%,https://www.rottentomatoes.com/tv/chance
Hulu,Family Guy,--,63%,https://www.rottentomatoes.com/tv/family_guy
Hulu,Bob's Burgers,91%,88%,https://www.rottentomatoes.com/tv/bobs_burgers
Hulu,Adventure Time,100%,93%,https://www.rottentomatoes.com/tv/adventure_time
Hulu,Homeland,85%,86%,https://www.rottentomatoes.com/tv/homeland
Hulu,The Simpsons,85%,75%,https://www.rottentomatoes.com/tv/the_simpsons
Hulu,Castle Rock,88%,79%,https://www.rottentomatoes.com/tv/castle_rock
Hulu,Fear the Walking Dead,75%,60%,https://www.rottentomatoes.com/tv/fear_the_walking_dead
Hulu,11.22.63,83%,88%,https://www.rottentomatoes.com/tv/11_22_63
Hulu,Casual,92%,89%,https://www.rottentomatoes.com/tv/casual
Hulu,Scandal,93%,73%,https://www.rottentomatoes.com/tv/scandal
Hulu,Devs,82%,78%,https://www.rottentomatoes.com/tv/devs
Hulu,Little Fires Everywhere,79%,60%,https://www.rottentomatoes.com/tv/little_fires_everywhere
Hulu,The Most Dangerous Animal of All,75%,80%,https://www.rottentomatoes.com/tv/the_most_dangerous_animal_of_all
Hulu,"Roswell, New Mexico",77%,68%,https://www.rottentomatoes.com/tv/roswell_new_mexico
Hulu,The X-Files,74%,85%,https://www.rottentomatoes.com/tv/the_x_files
Hulu,Batwoman,83%,23%,https://www.rottentomatoes.com/tv/batwoman
Hulu,You're the Worst,95%,88%,https://www.rottentomatoes.com/tv/you_re_the_worst
Hulu,Friday Night Lights,97%,93%,https://www.rottentomatoes.com/tv/friday-night-lights
Hulu,24,87%,86%,https://www.rottentomatoes.com/tv/24
Hulu,Solar Opposites,96%,84%,https://www.rottentomatoes.com/tv/solar_opposites
Hulu,The Son,52%,87%,https://www.rottentomatoes.com/tv/the_son
Hulu,The O.C.,67%,71%,https://www.rottentomatoes.com/tv/the-o-c-
Hulu,Letterkenny,--,84%,https://www.rottentomatoes.com/tv/letterkenny
Hulu,Shadowhunters,76%,80%,https://www.rottentomatoes.com/tv/shadowhunters
Hulu,The Strain,79%,76%,https://www.rottentomatoes.com/tv/the-strain
Hulu,Big Sky,--,40%,https://www.rottentomatoes.com/tv/big_sky
Hulu,Teen Wolf,81%,84%,https://www.rottentomatoes.com/tv/teen_wolf
Hulu,Marvel's Runaways,85%,68%,https://www.rottentomatoes.com/tv/marvel_s_runaways
Hulu,A Teacher,73%,56%,https://www.rottentomatoes.com/tv/a_teacher
Hulu,Buffy the Vampire Slayer,84%,93%,https://www.rottentomatoes.com/tv/buffy-the-vampire-slayer
Hulu,Looking for Alaska,91%,92%,https://www.rottentomatoes.com/tv/looking_for_alaska
Hulu,Death Note,100%,96%,https://www.rottentomatoes.com/tv/death_note
Hulu,Power,81%,81%,https://www.rottentomatoes.com/tv/power
Hulu,Cardinal,87%,83%,https://www.rottentomatoes.com/tv/cardinal
Hulu,Criminal Minds,--,85%,https://www.rottentomatoes.com/tv/criminal_minds
Hulu,Naruto,--,78%,https://www.rottentomatoes.com/tv/naruto
Hulu,The Adventures of Merlin,85%,86%,https://www.rottentomatoes.com/tv/the_adventures_of_merlin
Hulu,The Good Doctor,--,69%,https://www.rottentomatoes.com/tv/the_good_doctor
Hulu,Blindspot,--,71%,https://www.rottentomatoes.com/tv/blindspot
Hulu,Steven Universe,100%,85%,https://www.rottentomatoes.com/tv/steven_universe
Hulu,One Piece,--,88%,https://www.rottentomatoes.com/tv/one_piece
Hulu,Dave,84%,85%,https://www.rottentomatoes.com/tv/dave
Hulu,The First,66%,77%,https://www.rottentomatoes.com/tv/the_first
Hulu,This Way Up,91%,92%,https://www.rottentomatoes.com/tv/this_way_up
Hulu,Y: The Last Man,76%,59%,https://www.rottentomatoes.com/tv/y_the_last_man
Hulu,Archer,90%,86%,https://www.rottentomatoes.com/tv/archer
Hulu,American Horror Stories,50%,37%,https://www.rottentomatoes.com/tv/american_horror_stories
Hulu,The Last Man on Earth,85%,81%,https://www.rottentomatoes.com/tv/last_man_on_earth
Hulu,White Collar,96%,93%,https://www.rottentomatoes.com/tv/white_collar
Hulu,A Wilderness of Error,64%,25%,https://www.rottentomatoes.com/tv/a_wilderness_of_error
Hulu,Cowboy Bebop,100%,96%,https://www.rottentomatoes.com/tv/cowboy_bebop
Hulu,Harlots,97%,89%,https://www.rottentomatoes.com/tv/harlots
Hulu,Ramy,96%,86%,https://www.rottentomatoes.com/tv/ramy
Netflix,The Umbrella Academy,85%,78%,https://www.rottentomatoes.com/tv/the_umbrella_academy
Netflix,Man vs. Bee,62%,62%,https://www.rottentomatoes.com/tv/man_vs_bee
Netflix,Stranger Things,91%,91%,https://www.rottentomatoes.com/tv/stranger_things
Netflix,Peaky Blinders,94%,93%,https://www.rottentomatoes.com/tv/peaky_blinders
Netflix,You Don't Know Me,--,--,https://www.rottentomatoes.com/tv/you_dont_know_me
Netflix,Heartstopper,100%,98%,https://www.rottentomatoes.com/tv/heartstopper
Netflix,Money Heist: Korea - Joint Economic Area,83%,49%,https://www.rottentomatoes.com/tv/money_heist_korea_joint_economic_area
Netflix,Better Call Saul,98%,96%,https://www.rottentomatoes.com/tv/better_call_saul
Netflix,Breaking Bad,96%,97%,https://www.rottentomatoes.com/tv/breaking_bad
Netflix,Borgen,100%,98%,https://www.rottentomatoes.com/tv/borgen
Netflix,Money Heist,94%,78%,https://www.rottentomatoes.com/tv/money_heist
Netflix,Keep Sweet: Pray and Obey,91%,92%,https://www.rottentomatoes.com/tv/keep_sweet_pray_and_obey
Netflix,God's Favorite Idiot,20%,69%,https://www.rottentomatoes.com/tv/gods_favorite_idiot
Netflix,The Lincoln Lawyer,79%,80%,https://www.rottentomatoes.com/tv/the_lincoln_lawyer
Netflix,Snowflake Mountain,0%,62%,https://www.rottentomatoes.com/tv/snowflake_mountain
Netflix,Dark,95%,94%,https://www.rottentomatoes.com/tv/dark
Netflix,Ozark,82%,87%,https://www.rottentomatoes.com/tv/ozark
Netflix,Arcane: League of Legends,100%,96%,https://www.rottentomatoes.com/tv/arcane_league_of_legends
Netflix,"Love, Death + Robots",85%,79%,https://www.rottentomatoes.com/tv/love_death_robots
Netflix,Anatomy of a Scandal,60%,45%,https://www.rottentomatoes.com/tv/anatomy_of_a_scandal
Netflix,Intimacy,88%,50%,https://www.rottentomatoes.com/tv/intimacy
Netflix,First Kill,60%,89%,https://www.rottentomatoes.com/tv/first_kill
Netflix,The Last Kingdom,91%,94%,https://www.rottentomatoes.com/tv/the_last_kingdom
Netflix,Pieces of Her,50%,34%,https://www.rottentomatoes.com/tv/pieces_of_her
Netflix,Squid Game,95%,83%,https://www.rottentomatoes.com/tv/squid_game
Netflix,The Walking Dead,80%,78%,https://www.rottentomatoes.com/tv/the_walking_dead
Netflix,Sex/Life,22%,35%,https://www.rottentomatoes.com/tv/sex_life
Netflix,The Flash,89%,64%,https://www.rottentomatoes.com/tv/the_flash
Netflix,Hellbound,97%,69%,https://www.rottentomatoes.com/tv/hellbound
Netflix,Midnight Mass,86%,77%,https://www.rottentomatoes.com/tv/midnight_mass
Netflix,The Staircase,94%,82%,https://www.rottentomatoes.com/tv/the_staircase
Netflix,The Witcher,81%,75%,https://www.rottentomatoes.com/tv/the_witcher
Netflix,Mindhunter,97%,95%,https://www.rottentomatoes.com/tv/mindhunter
Netflix,Avatar: The Last Airbender,100%,98%,https://www.rottentomatoes.com/tv/avatar_the_last_airbender
Netflix,Russian Doll,97%,79%,https://www.rottentomatoes.com/tv/russian_doll
Netflix,Shameless,82%,81%,https://www.rottentomatoes.com/tv/shameless
Netflix,Supernatural,93%,75%,https://www.rottentomatoes.com/tv/supernatural
Netflix,Sex Education,95%,92%,https://www.rottentomatoes.com/tv/sex_education
Netflix,"Web of Make Believe: Death, Lies & the Internet",--,47%,https://www.rottentomatoes.com/tv/web_of_make_believe_death_lies_and_the_internet
Netflix,You,91%,76%,https://www.rottentomatoes.com/tv/you
Netflix,Love & Anarchy,100%,82%,https://www.rottentomatoes.com/tv/love_and_anarchy
Netflix,Outlander,89%,86%,https://www.rottentomatoes.com/tv/outlander
Netflix,Black Summer,89%,61%,https://www.rottentomatoes.com/tv/black_summer
Netflix,Bridgerton,82%,76%,https://www.rottentomatoes.com/tv/bridgerton
Netflix,Lucifer,88%,73%,https://www.rottentomatoes.com/tv/lucifer
Netflix,Inventing Anna,64%,35%,https://www.rottentomatoes.com/tv/inventing_anna
Netflix,The Pentaverate,28%,62%,https://www.rottentomatoes.com/tv/the_pentaverate
Netflix,Outer Banks,78%,79%,https://www.rottentomatoes.com/tv/outer_banks
Netflix,The 100,93%,66%,https://www.rottentomatoes.com/tv/the_100
Netflix,Black Mirror,84%,83%,https://www.rottentomatoes.com/tv/black_mirror
Netflix,The Blacklist,91%,80%,https://www.rottentomatoes.com/tv/the_blacklist
Netflix,After Life,69%,86%,https://www.rottentomatoes.com/tv/after_life
Netflix,Attack on Titan,96%,95%,https://www.rottentomatoes.com/tv/attack_on_titan
Netflix,Riverdale,80%,51%,https://www.rottentomatoes.com/tv/riverdale
Netflix,All American,96%,67%,https://www.rottentomatoes.com/tv/all_american
Netflix,Behind Her Eyes,62%,57%,https://www.rottentomatoes.com/tv/behind_her_eyes
Netflix,The Vampire Diaries,86%,70%,https://www.rottentomatoes.com/tv/the_vampire_diaries
Netflix,The Sinner,89%,73%,https://www.rottentomatoes.com/tv/the_sinner
Netflix,Cobra Kai,93%,92%,https://www.rottentomatoes.com/tv/cobra_kai
Netflix,Jurassic World: Camp Cretaceous,92%,83%,https://www.rottentomatoes.com/tv/jurassic_world_camp_cretaceous
Netflix,The Haunting of Hill House,93%,91%,https://www.rottentomatoes.com/tv/the_haunting_of_hill_house
Netflix,The Queen's Gambit,96%,94%,https://www.rottentomatoes.com/tv/the_queens_gambit
Netflix,Alias Grace,99%,88%,https://www.rottentomatoes.com/tv/alias_grace
Netflix,Archive 81,86%,72%,https://www.rottentomatoes.com/tv/archive_81
Netflix,All of Us Are Dead,83%,79%,https://www.rottentomatoes.com/tv/all_of_us_are_dead
Netflix,Vikings: Valhalla,89%,52%,https://www.rottentomatoes.com/tv/vikings_valhalla
Netflix,Altered Carbon,75%,64%,https://www.rottentomatoes.com/tv/altered_carbon
Netflix,The Stranger,83%,72%,https://www.rottentomatoes.com/tv/the_stranger
Netflix,Manifest,--,70%,https://www.rottentomatoes.com/tv/manifest
Netflix,Shadow and Bone,88%,88%,https://www.rottentomatoes.com/tv/shadow_and_bone
Netflix,13 Reasons Why,35%,57%,https://www.rottentomatoes.com/tv/13_reasons_why
Netflix,Unbelievable,98%,89%,https://www.rottentomatoes.com/tv/unbelievable
Netflix,Locke & Key,74%,66%,https://www.rottentomatoes.com/tv/locke_key
Netflix,The Crown,90%,91%,https://www.rottentomatoes.com/tv/the_crown
Netflix,BoJack Horseman,93%,95%,https://www.rottentomatoes.com/tv/bojack_horseman
Netflix,Legacies,--,80%,https://www.rottentomatoes.com/tv/legacies
Netflix,The Good Place,97%,89%,https://www.rottentomatoes.com/tv/good_place
Netflix,The OA,84%,84%,https://www.rottentomatoes.com/tv/the_oa
Netflix,Grey's Anatomy,84%,75%,https://www.rottentomatoes.com/tv/greys_anatomy
Netflix,The Order,100%,73%,https://www.rottentomatoes.com/tv/the_order
Netflix,Godless,83%,85%,https://www.rottentomatoes.com/tv/godless
Netflix,Love,94%,87%,https://www.rottentomatoes.com/tv/love
Netflix,Community,88%,88%,https://www.rottentomatoes.com/tv/community
Netflix,Top Boy,95%,88%,https://www.rottentomatoes.com/tv/top_boy
Netflix,Dead End: Paranormal Park,100%,76%,https://www.rottentomatoes.com/tv/dead_end_paranormal_park
Netflix,The End of the F...ing World,94%,92%,https://www.rottentomatoes.com/tv/the_end_of_the_f_ing_world
Netflix,Narcos,89%,95%,https://www.rottentomatoes.com/tv/narcos
Netflix,Safe,71%,76%,https://www.rottentomatoes.com/tv/safe
Netflix,Ginny & Georgia,68%,69%,https://www.rottentomatoes.com/tv/ginny_georgia
Netflix,Feel Good,100%,90%,https://www.rottentomatoes.com/tv/feel_good
Netflix,House of Cards,77%,76%,https://www.rottentomatoes.com/tv/house-of-cards
Netflix,First Class,--,--,https://www.rottentomatoes.com/tv/first_class
Netflix,Stay Close,92%,53%,https://www.rottentomatoes.com/tv/stay_close
Netflix,Never Have I Ever,94%,87%,https://www.rottentomatoes.com/tv/never_have_i_ever
Netflix,How to Get Away With Murder,88%,86%,https://www.rottentomatoes.com/tv/how_to_get_away_with_murder
Netflix,Collateral,79%,71%,https://www.rottentomatoes.com/tv/collateral
Netflix,The Beauty Queen of Jerusalem,--,50%,https://www.rottentomatoes.com/tv/the_beauty_queen_of_jerusalem
Netflix,Elite,97%,75%,https://www.rottentomatoes.com/tv/elite
Netflix,Sweet Tooth,97%,87%,https://www.rottentomatoes.com/tv/sweet_tooth
Netflix,Bodyguard,93%,84%,https://www.rottentomatoes.com/tv/bodyguard
Peacock,Yellowstone,83%,83%,https://www.rottentomatoes.com/tv/yellowstone
Peacock,The Chosen,100%,99%,https://www.rottentomatoes.com/tv/the_chosen
Peacock,The Office,81%,89%,https://www.rottentomatoes.com/tv/the_office
Peacock,Vikings,93%,87%,https://www.rottentomatoes.com/tv/vikings_2013
Peacock,Suits,90%,87%,https://www.rottentomatoes.com/tv/suits
Peacock,This Is Us,94%,78%,https://www.rottentomatoes.com/tv/this_is_us
Peacock,The Blacklist,91%,80%,https://www.rottentomatoes.com/tv/the_blacklist
Peacock,Brooklyn Nine-Nine,95%,87%,https://www.rottentomatoes.com/tv/brooklyn_nine_nine
Peacock,Modern Family,85%,89%,https://www.rottentomatoes.com/tv/modern_family
Peacock,Line of Duty,96%,94%,https://www.rottentomatoes.com/tv/line_of_duty
Peacock,Rutherford Falls,96%,66%,https://www.rottentomatoes.com/tv/rutherford_falls
Peacock,Superstore,93%,79%,https://www.rottentomatoes.com/tv/superstore
Peacock,Parks and Recreation,93%,89%,https://www.rottentomatoes.com/tv/parks_and_recreation
Peacock,Longmire,88%,92%,https://www.rottentomatoes.com/tv/longmire
Peacock,House,90%,96%,https://www.rottentomatoes.com/tv/house
Peacock,The Affair,86%,77%,https://www.rottentomatoes.com/tv/the_affair
Peacock,Queer as Folk,88%,49%,https://www.rottentomatoes.com/tv/queer_as_folk_2022
Peacock,One of Us Is Lying,89%,76%,https://www.rottentomatoes.com/tv/one_of_us_is_lying
Peacock,Chucky,91%,85%,https://www.rottentomatoes.com/tv/chucky
Peacock,The Thing About Pam,48%,54%,https://www.rottentomatoes.com/tv/the_thing_about_pam
Peacock,Friday Night Lights,97%,93%,https://www.rottentomatoes.com/tv/friday-night-lights
Peacock,Bel-Air,66%,71%,https://www.rottentomatoes.com/tv/bel_air
Peacock,Downton Abbey on Masterpiece,91%,94%,https://www.rottentomatoes.com/tv/downton_abbey
Peacock,Angelyne,86%,68%,https://www.rottentomatoes.com/tv/angelyne
Peacock,Killing It,88%,61%,https://www.rottentomatoes.com/tv/killing_it
Peacock,Ray Donovan,72%,86%,https://www.rottentomatoes.com/tv/ray_donovan
Peacock,Death Note,100%,96%,https://www.rottentomatoes.com/tv/death_note
Peacock,The Fall,84%,86%,https://www.rottentomatoes.com/tv/the_fall
Peacock,Battlestar Galactica,95%,94%,https://www.rottentomatoes.com/tv/battlestar-galactica
Peacock,Two and a Half Men,65%,66%,https://www.rottentomatoes.com/tv/two-and-a-half-men
Peacock,Naruto,--,78%,https://www.rottentomatoes.com/tv/naruto
Peacock,Resident Alien,94%,74%,https://www.rottentomatoes.com/tv/resident_alien
Peacock,Wolf Like Me,56%,91%,https://www.rottentomatoes.com/tv/wolf_like_me
Peacock,Bates Motel,93%,91%,https://www.rottentomatoes.com/tv/bates_motel
Peacock,Keeping Up With the Kardashians,--,--,https://www.rottentomatoes.com/tv/keeping_up_with_the_kardashians
Peacock,Girls5eva,96%,77%,https://www.rottentomatoes.com/tv/girls5eva
Peacock,30 Rock,78%,93%,https://www.rottentomatoes.com/tv/30-rock
Peacock,Psych,89%,93%,https://www.rottentomatoes.com/tv/psych
Peacock,The Endgame,33%,83%,https://www.rottentomatoes.com/tv/the_endgame
Peacock,La Brea,38%,35%,https://www.rottentomatoes.com/tv/la_brea
Peacock,The Office,96%,87%,https://www.rottentomatoes.com/tv/the_office_2001
Peacock,A.P. Bio,88%,87%,https://www.rottentomatoes.com/tv/a_p_bio
Peacock,Heroes,52%,65%,https://www.rottentomatoes.com/tv/heroes
Peacock,The Purge,42%,70%,https://www.rottentomatoes.com/tv/the_purge
Peacock,JoJo's Bizarre Adventure,--,90%,https://www.rottentomatoes.com/tv/jojos_bizarre_adventure
Peacock,Brave New World,46%,79%,https://www.rottentomatoes.com/tv/brave_new_world
Peacock,Dr. Death,92%,85%,https://www.rottentomatoes.com/tv/dr_death
Peacock,Law & Order: Special Victims Unit,78%,89%,https://www.rottentomatoes.com/tv/law_and_order_special_victims_unit
Peacock,The Office: Superfan Episodes,--,--,https://www.rottentomatoes.com/tv/the_office_superfan_episodes
Peacock,Frasier,95%,94%,https://www.rottentomatoes.com/tv/frasier
Peacock,Weeds,70%,77%,https://www.rottentomatoes.com/tv/weeds
Peacock,Monk,91%,89%,https://www.rottentomatoes.com/tv/monk
Peacock,Covert Affairs,93%,77%,https://www.rottentomatoes.com/tv/covert-affairs
Peacock,The Tonight Show Starring Jimmy Fallon,--,43%,https://www.rottentomatoes.com/tv/the_tonight_show_starring_jimmy_fallon
Peacock,Everybody Hates Chris,95%,98%,https://www.rottentomatoes.com/tv/everybody_hates_chris
Peacock,Chicago Fire,--,89%,https://www.rottentomatoes.com/tv/chicago_fire
Peacock,One Punch Man,--,82%,https://www.rottentomatoes.com/tv/one_punch_man
Peacock,Chicago Med,--,64%,https://www.rottentomatoes.com/tv/chicago_med
Peacock,Treadstone,47%,72%,https://www.rottentomatoes.com/tv/treadstone
Peacock,Joe vs Carole,33%,88%,https://www.rottentomatoes.com/tv/joe_vs_carole
Peacock,The Slap,--,--,https://www.rottentomatoes.com/tv/the_slap
Peacock,Hunter X Hunter,--,91%,https://www.rottentomatoes.com/tv/hunter_x_hunter
Peacock,A Little Late With Lilly Singh,82%,15%,https://www.rottentomatoes.com/tv/a_little_late_with_lilly_singh
Peacock,Chicago P.D.,--,90%,https://www.rottentomatoes.com/tv/chicago_pd
Peacock,The Capture,92%,88%,https://www.rottentomatoes.com/tv/the_capture
Peacock,Vigil,85%,72%,https://www.rottentomatoes.com/tv/vigil_2021
Peacock,Law & Order: Organized Crime,45%,79%,https://www.rottentomatoes.com/tv/law_order_organized_crime
Peacock,Kingdom,--,97%,https://www.rottentomatoes.com/tv/kingdom
Peacock,New Amsterdam,--,53%,https://www.rottentomatoes.com/tv/new_amsterdam_2018
Peacock,Cheers,87%,93%,https://www.rottentomatoes.com/tv/cheers
Peacock,Dan Brown's The Lost Symbol,57%,53%,https://www.rottentomatoes.com/tv/dan_browns_the_lost_symbol
Peacock,Parenthood,88%,95%,https://www.rottentomatoes.com/tv/parenthood
Peacock,We Are Lady Parts,100%,80%,https://www.rottentomatoes.com/tv/we_are_lady_parts
Peacock,Eureka,82%,88%,https://www.rottentomatoes.com/tv/eureka
Peacock,The Kelly Clarkson Show,--,--,https://www.rottentomatoes.com/tv/the_kelly_clarkson_show
Peacock,MacGruber,85%,76%,https://www.rottentomatoes.com/tv/macgruber
Peacock,Law & Order,--,--,https://www.rottentomatoes.com/tv/law-and-order
Peacock,Unsolved Mysteries,77%,69%,https://www.rottentomatoes.com/tv/unsolved_mysteries_2020
Peacock,Ghost Hunters International,--,--,https://www.rottentomatoes.com/tv/ghost-hunters-international
Peacock,Charmed,--,93%,https://www.rottentomatoes.com/tv/charmed
Peacock,Everybody Loves Raymond,--,83%,https://www.rottentomatoes.com/tv/everybody_loves_raymond
Peacock,The King of Queens,--,80%,https://www.rottentomatoes.com/tv/the_king_of_queens
Peacock,Departure,80%,42%,https://www.rottentomatoes.com/tv/departure
Peacock,21 Jump Street,--,--,https://www.rottentomatoes.com/tv/21_jump_street
Peacock,American Auto,100%,51%,https://www.rottentomatoes.com/tv/american_auto
Peacock,Columbo,--,85%,https://www.rottentomatoes.com/tv/columbo
Peacock,Warehouse 13,82%,89%,https://www.rottentomatoes.com/tv/warehouse-13
Peacock,Queer as Folk,100%,86%,https://www.rottentomatoes.com/tv/queer_as_folk
Peacock,Mr. Mayor,--,61%,https://www.rottentomatoes.com/tv/mr_mayor
Peacock,Saturday Night Live,--,--,https://www.rottentomatoes.com/tv/saturday_night_live
Peacock,Save Me,100%,96%,https://www.rottentomatoes.com/tv/save_me_2018
Peacock,The Defiant Ones,100%,91%,https://www.rottentomatoes.com/tv/the_defiant_ones
Peacock,Chrisley Knows Best,--,--,https://www.rottentomatoes.com/tv/chrisley-knows-best
Peacock,Project Blue Book,67%,91%,https://www.rottentomatoes.com/tv/project_blue_book
Peacock,The Curse of Oak Island,--,78%,https://www.rottentomatoes.com/tv/the_curse_of_oak_island
Peacock,Saved by the Bell,88%,71%,https://www.rottentomatoes.com/tv/saved_by_the_bell_2020
Peacock,Late Night With Seth Meyers,--,49%,https://www.rottentomatoes.com/tv/late_night_with_seth_meyers
Peacock,The Bletchley Circle,85%,93%,https://www.rottentomatoes.com/tv/the-bletchley-circle
Peacock,Southern Charm,--,--,https://www.rottentomatoes.com/tv/southern_charm
Peacock,Married ... With Children,--,99%,https://www.rottentomatoes.com/tv/married_with_children
VUDU,The Boys,93%,85%,https://www.rottentomatoes.com/tv/the_boys_2019
VUDU,The Old Man,94%,86%,https://www.rottentomatoes.com/tv/the_old_man
VUDU,Westworld,81%,74%,https://www.rottentomatoes.com/tv/westworld
VUDU,Dark Winds,100%,87%,https://www.rottentomatoes.com/tv/dark_winds
VUDU,Better Call Saul,98%,96%,https://www.rottentomatoes.com/tv/better_call_saul
VUDU,Barry,99%,89%,https://www.rottentomatoes.com/tv/barry
VUDU,Breaking Bad,96%,97%,https://www.rottentomatoes.com/tv/breaking_bad
VUDU,The Time Traveler's Wife,38%,84%,https://www.rottentomatoes.com/tv/the_time_travelers_wife
VUDU,We Own This City,92%,75%,https://www.rottentomatoes.com/tv/we_own_this_city
VUDU,Yellowstone,83%,83%,https://www.rottentomatoes.com/tv/yellowstone
VUDU,Game of Thrones,89%,85%,https://www.rottentomatoes.com/tv/game_of_thrones
VUDU,Evil,95%,83%,https://www.rottentomatoes.com/tv/evil
VUDU,The Orville,76%,86%,https://www.rottentomatoes.com/tv/orville
VUDU,The Handmaid's Tale,83%,77%,https://www.rottentomatoes.com/tv/the_handmaids_tale
VUDU,The Chosen,100%,99%,https://www.rottentomatoes.com/tv/the_chosen
VUDU,The Last Kingdom,91%,94%,https://www.rottentomatoes.com/tv/the_last_kingdom
VUDU,Fleabag,100%,93%,https://www.rottentomatoes.com/tv/fleabag
VUDU,Yellowjackets,100%,78%,https://www.rottentomatoes.com/tv/yellowjackets
VUDU,Rise,59%,76%,https://www.rottentomatoes.com/tv/rise
VUDU,Star Wars: The Clone Wars,93%,92%,https://www.rottentomatoes.com/tv/star-wars-the-clone-wars
VUDU,Euphoria,88%,85%,https://www.rottentomatoes.com/tv/euphoria
VUDU,The Walking Dead,80%,78%,https://www.rottentomatoes.com/tv/the_walking_dead
VUDU,The Mist,60%,47%,https://www.rottentomatoes.com/tv/the_mist
VUDU,The Expanse,94%,92%,https://www.rottentomatoes.com/tv/the_expanse
VUDU,Succession,94%,85%,https://www.rottentomatoes.com/tv/succession
VUDU,The Flash,89%,64%,https://www.rottentomatoes.com/tv/the_flash
VUDU,The Sopranos,92%,97%,https://www.rottentomatoes.com/tv/the_sopranos
VUDU,P-Valley,94%,80%,https://www.rottentomatoes.com/tv/p_valley
VUDU,The Wire,94%,97%,https://www.rottentomatoes.com/tv/the-wire
VUDU,Mr. Robot,94%,93%,https://www.rottentomatoes.com/tv/mr_robot
VUDU,Hotel Portofino,--,--,https://www.rottentomatoes.com/tv/hotel_portofino
VUDU,Naked and Afraid: Uncensored,--,--,https://www.rottentomatoes.com/tv/naked_and_afraid_uncensored
VUDU,Animal Kingdom,--,87%,https://www.rottentomatoes.com/tv/animal_kingdom
VUDU,The Wilds,87%,83%,https://www.rottentomatoes.com/tv/the_wilds
VUDU,Avatar: The Last Airbender,100%,98%,https://www.rottentomatoes.com/tv/avatar_the_last_airbender
VUDU,What We Do in the Shadows,97%,93%,https://www.rottentomatoes.com/tv/what_we_do_in_the_shadows
VUDU,Shameless,82%,81%,https://www.rottentomatoes.com/tv/shameless
VUDU,The Office,81%,89%,https://www.rottentomatoes.com/tv/the_office
VUDU,Supernatural,93%,75%,https://www.rottentomatoes.com/tv/supernatural
VUDU,Vikings,93%,87%,https://www.rottentomatoes.com/tv/vikings_2013
VUDU,True Detective,78%,74%,https://www.rottentomatoes.com/tv/true_detective
VUDU,Doom Patrol,97%,75%,https://www.rottentomatoes.com/tv/doom_patrol
VUDU,Banshee,90%,90%,https://www.rottentomatoes.com/tv/banshee
VUDU,Suits,90%,87%,https://www.rottentomatoes.com/tv/suits
VUDU,You,91%,76%,https://www.rottentomatoes.com/tv/you
VUDU,Better Things,98%,85%,https://www.rottentomatoes.com/tv/better_things
VUDU,Outlander,89%,86%,https://www.rottentomatoes.com/tv/outlander
VUDU,This Is Us,94%,78%,https://www.rottentomatoes.com/tv/this_is_us
VUDU,Lucifer,88%,73%,https://www.rottentomatoes.com/tv/lucifer
VUDU,Superman & Lois,86%,82%,https://www.rottentomatoes.com/tv/superman_and_lois
VUDU,Counterpart,100%,90%,https://www.rottentomatoes.com/tv/counterpart
VUDU,The 100,93%,66%,https://www.rottentomatoes.com/tv/the_100
VUDU,Marvel's Daredevil,92%,89%,https://www.rottentomatoes.com/tv/daredevil
VUDU,The Leftovers,91%,90%,https://www.rottentomatoes.com/tv/the-leftovers
VUDU,Atlanta,97%,82%,https://www.rottentomatoes.com/tv/atlanta
VUDU,The Blacklist,91%,80%,https://www.rottentomatoes.com/tv/the_blacklist
VUDU,Fargo,93%,84%,https://www.rottentomatoes.com/tv/fargo
VUDU,Attack on Titan,96%,95%,https://www.rottentomatoes.com/tv/attack_on_titan
VUDU,American Horror Story,77%,70%,https://www.rottentomatoes.com/tv/american_horror_story
VUDU,Riverdale,80%,51%,https://www.rottentomatoes.com/tv/riverdale
VUDU,All American,96%,67%,https://www.rottentomatoes.com/tv/all_american
VUDU,Killing Eve,89%,73%,https://www.rottentomatoes.com/tv/killing_eve
VUDU,Friends,79%,94%,https://www.rottentomatoes.com/tv/friends
VUDU,The Vampire Diaries,86%,70%,https://www.rottentomatoes.com/tv/the_vampire_diaries
VUDU,The Sinner,89%,73%,https://www.rottentomatoes.com/tv/the_sinner
VUDU,Cobra Kai,93%,92%,https://www.rottentomatoes.com/tv/cobra_kai
VUDU,Star Trek: Discovery,86%,36%,https://www.rottentomatoes.com/tv/star_trek_discovery
VUDU,Jurassic World: Camp Cretaceous,92%,83%,https://www.rottentomatoes.com/tv/jurassic_world_camp_cretaceous
VUDU,Taboo,76%,92%,https://www.rottentomatoes.com/tv/taboo
VUDU,Lost,85%,91%,https://www.rottentomatoes.com/tv/lost
VUDU,The Haunting of Hill House,93%,91%,https://www.rottentomatoes.com/tv/the_haunting_of_hill_house
VUDU,Titans,86%,67%,https://www.rottentomatoes.com/tv/titans
VUDU,Breeders,91%,82%,https://www.rottentomatoes.com/tv/breeders
VUDU,Rick and Morty,94%,87%,https://www.rottentomatoes.com/tv/rick_and_morty
VUDU,Altered Carbon,75%,64%,https://www.rottentomatoes.com/tv/altered_carbon
VUDU,Manifest,--,70%,https://www.rottentomatoes.com/tv/manifest
VUDU,Star Trek: Picard,86%,40%,https://www.rottentomatoes.com/tv/star_trek_picard
VUDU,Mad Men,94%,96%,https://www.rottentomatoes.com/tv/mad-men
VUDU,13 Reasons Why,35%,57%,https://www.rottentomatoes.com/tv/13_reasons_why
VUDU,Brooklyn Nine-Nine,95%,87%,https://www.rottentomatoes.com/tv/brooklyn_nine_nine
VUDU,Legacies,--,80%,https://www.rottentomatoes.com/tv/legacies
VUDU,The Good Place,97%,89%,https://www.rottentomatoes.com/tv/good_place
VUDU,Legion,91%,86%,https://www.rottentomatoes.com/tv/legion
VUDU,Justified,97%,95%,https://www.rottentomatoes.com/tv/justified
VUDU,Prison Break,61%,78%,https://www.rottentomatoes.com/tv/prison_break
VUDU,Grey's Anatomy,84%,75%,https://www.rottentomatoes.com/tv/greys_anatomy
VUDU,Forever,95%,78%,https://www.rottentomatoes.com/tv/forever_2018
VUDU,The Americans,96%,93%,https://www.rottentomatoes.com/tv/the_americans
VUDU,Community,88%,88%,https://www.rottentomatoes.com/tv/community
VUDU,The End of the F...ing World,94%,92%,https://www.rottentomatoes.com/tv/the_end_of_the_f_ing_world
VUDU,Modern Family,85%,89%,https://www.rottentomatoes.com/tv/modern_family
VUDU,The White Lotus,89%,77%,https://www.rottentomatoes.com/tv/the_white_lotus
VUDU,Line of Duty,96%,94%,https://www.rottentomatoes.com/tv/line_of_duty
VUDU,The Big Bang Theory,81%,82%,https://www.rottentomatoes.com/tv/the_big_bang_theory
VUDU,Mr Inbetween,95%,98%,https://www.rottentomatoes.com/tv/mr_inbetween
VUDU,Mr. Bean,100%,92%,https://www.rottentomatoes.com/tv/mr_bean
VUDU,Preacher,87%,75%,https://www.rottentomatoes.com/tv/preacher
VUDU,House of Cards,77%,76%,https://www.rottentomatoes.com/tv/house-of-cards
VUDU,Hannibal,92%,94%,https://www.rottentomatoes.com/tv/hannibal
VUDU,Mare of Easttown,95%,94%,https://www.rottentomatoes.com/tv/mare_of_easttown
